source1_entity_id	matched_entity_ids
S1-00001	S2-00001
S1-00002	S2-00002
S1-00003	S2-00003
S1-00004	S2-00004
S1-00005	S2-00005,S3-00001
S1-00006	S2-00006,S3-00002
S1-00007	S2-00007
S1-00008	S2-00008
S1-00009	S2-00009
S1-00010	
S1-00011	S2-00010
S1-00012	S2-00011
S1-00013	S2-00012
S1-00014	
S1-00015	
S1-00016	S2-00013
S1-00017	S2-00014
S1-00018	S2-00015
S1-00019	S2-00016
S1-00020	
S1-00021	
S1-00022	
S1-00023	S2-00017
S1-00024	S2-00018
S1-00025	S2-00019
S1-00026	S2-00020,S3-00003
S1-00027	S2-00021
S1-00028	S2-00022
S1-00029	
S1-00030	S2-00023,S3-00004
S1-00031	
S1-00032	S2-00024,S3-00005
S1-00033	S2-00025
S1-00034	S2-00026
S1-00035	S2-00027
S1-00036	
S1-00037	S2-00028
S1-00038	S2-00029
S1-00039	S2-00030
S1-00040	S2-00031
